key_number,final_episode,final_best_fidelity
36,209.0,0.9996821514796466
105,1939.0,0.9995252645167056
106,4999.0,0.9947725851088762
951,4799.0,0.9993608207441866
952,1429.0,0.999145296344068
