key_number,final_episode,final_best_fidelity
36,179.0,0.999270020518452
105,299.0,0.999260627431795
106,129.0,0.9994207564159296
951,99.0,0.9992822956992312
952,499.0,0.999135332647711
