key_number,final_episode,final_best_fidelity
36,9999.0,0.997368506155908
105,2269.0,0.9991135030868464
106,1349.0,0.9993190870154648
951,259.0,0.9990238315658644
952,3139.0,0.999474209966138
