key_number,final_episode,final_best_fidelity
36,209.0,0.9998121595272096
105,439.0,0.999104025424458
106,2209.0,0.9993572543025948
951,419.0,0.9990891197230668
952,1479.0,0.9997003881144336
