key_number,final_episode,final_best_fidelity
36,99.0,0.9992191250203176
105,159.0,0.999115068698302
106,999.0,0.9986627263715492
951,5579.0,0.999558893381618
952,389.0,0.9994044445920736
